rotulo,exato_leiga_especialista,exato_leiga_equipe,exato_especialista_equipe,exato_todos,sim_leiga_especialista,sim_leiga_equipe,sim_especialista_equipe,sim_media
Título da escala,False,False,True,False,93.33333333333333,93.33333333333333,100.0,95.55555555555554
Instrução,False,False,True,False,99.47089947089947,99.47089947089947,100.0,99.64726631393297
Opção de resposta 1,True,True,True,True,100.0,100.0,100.0,100.0
Opção de resposta 2,True,True,True,True,100.0,100.0,100.0,100.0
Opção de resposta 3,True,True,True,True,100.0,100.0,100.0,100.0
Opção de resposta 4,True,True,True,True,100.0,100.0,100.0,100.0
Opção de resposta 5,True,True,True,True,100.0,100.0,100.0,100.0
Item 1,True,True,True,True,100.0,100.0,100.0,100.0
Item 2,True,True,True,True,100.0,100.0,100.0,100.0
Item 3,False,False,True,False,97.34513274336283,97.34513274336283,100.0,98.23008849557522
Item 4,True,False,False,False,100.0,79.33884297520662,79.33884297520662,86.2258953168044
Item 5,True,True,True,True,100.0,100.0,100.0,100.0
Item 6,False,False,False,False,94.42379182156134,85.07462686567165,89.41176470588236,89.63672779770512
Item 7,False,False,True,False,98.48484848484848,98.48484848484848,100.0,98.989898989899
Item 8,True,False,False,False,100.0,92.78350515463917,92.78350515463917,95.1890034364261
Item 9,True,True,True,True,100.0,100.0,100.0,100.0
Item 10,True,True,True,True,100.0,100.0,100.0,100.0
Item 11,True,False,False,False,100.0,85.71428571428571,85.71428571428571,90.47619047619048
Item 12,True,False,False,False,100.0,68.29268292682927,68.29268292682927,78.86178861788619
Item 13,True,False,False,False,100.0,83.72093023255815,83.72093023255815,89.14728682170544
Item 14,True,True,True,True,100.0,100.0,100.0,100.0
Item 15,True,True,True,True,100.0,100.0,100.0,100.0
Item 16,False,False,False,False,95.38461538461539,82.11920529801324,85.51724137931035,87.67368735397967
Item 17,True,True,True,True,100.0,100.0,100.0,100.0
Item 18,True,False,False,False,100.0,90.07633587786259,90.07633587786259,93.38422391857506
Item 19,True,False,False,False,100.0,40.0,40.0,60.0
Item 20,False,False,False,False,97.34513274336283,83.96946564885496,85.9375,89.08403279740594
Item 21,True,False,False,False,100.0,84.21052631578947,84.21052631578947,89.47368421052632
